{
  "robot_root_name": "base_link",
  "human_root_name": "Pelvis",
  "ground_height": 0.0,
  "human_height_assumption": 1.8,
  "use_ik_match_table1": true,
  "use_ik_match_table2": true,
  "human_scale_table": {
    "Pelvis": 1.0,
    "Chest": 1.0,
    "Left_UpperLeg": 1.0,
    "Right_UpperLeg": 1.0,
    "Left_LowerLeg": 1.0,
    "Right_LowerLeg": 1.0,
    "Left_Foot": 1.0,
    "Right_Foot": 1.0,
    "Left_UpperArm": 1.0,
    "Right_UpperArm": 1.0,
    "Left_Forearm": 1.0,
    "Right_Forearm": 1.0,
    "Left_Hand": 1.0,
    "Right_Hand": 1.0
  },
  "ik_match_table1": {
    "base_link": [
      "Pelvis",
      0,
      10,
      [
        0.84313002,
        -0.32221484,
        0.0
      ],
      [
        0.99160668,
        -0.00923301,
        -0.07020967,
        0.10817364
      ]
    ],
    "waist_roll_link": [
      "Chest",
      0,
      10,
      [
        0.86969328,
        -0.31927605,
        -0.00700636
      ],
      [
        0.99168474,
        -0.02306047,
        -0.06790556,
        0.10685708
      ]
    ],
    "l_leg_hip_pitch_link": [
      "Left_UpperLeg",
      0,
      10,
      [
        0.86661284,
        -0.29597823,
        0.01616623
      ],
      [
        0.11155619,
        0.98304846,
        -0.11625245,
        0.08750036
      ]
    ],
    "l_leg_knee_link": [
      "Left_LowerLeg",
      0,
      10,
      [
        0.93329514,
        -0.32412144,
        0.01164969
      ],
      [
        0.26464607,
        0.13442774,
        0.95399304,
        -0.04229576
      ]
    ],
    "l_leg_ankle_roll_link": [
      "Left_Foot",
      100,
      50,
      [
        0.99087332,
        -0.33228022,
        0.00575387
      ],
      [
        0.97994738,
        0.0252887,
        -0.15834929,
        -0.11827563
      ]
    ],
    "r_leg_hip_pitch_link": [
      "Right_UpperLeg",
      0,
      10,
      [
        0.87693842,
        -0.353883,
        0.01869774
      ],
      [
        0.08231005,
        -0.98458229,
        0.09769388,
        -0.11949346
      ]
    ],
    "r_leg_knee_link": [
      "Right_LowerLeg",
      0,
      10,
      [
        0.93876799,
        -0.34719402,
        0.01648548
      ],
      [
        0.02973168,
        0.96068767,
        -0.11264121,
        -0.25200633
      ]
    ],
    "r_leg_ankle_roll_link": [
      "Right_Foot",
      100,
      50,
      [
        1.00016036,
        -0.34751914,
        0.01046402
      ],
      [
        0.04448974,
        0.9446803,
        -0.26896164,
        -0.18237168
      ]
    ],
    "l_arm_shoulder_roll_link": [
      "Left_UpperArm",
      0,
      10,
      [
        0.71130908,
        -0.42076495,
        0.28392083
      ],
      [
        0.04861757,
        0.99205241,
        -0.10895002,
        0.03997807
      ]
    ],
    "l_arm_elbow_pitch_link": [
      "Left_Forearm",
      0,
      10,
      [
        0.64080737,
        -0.32221148,
        0.29813907
      ],
      [
        0.37727997,
        0.00213172,
        -0.89774696,
        0.22738884
      ]
    ],
    "l_arm_elbow_yaw_link": [
      "Left_Hand",
      0,
      10,
      [
        0.55264923,
        -0.28101848,
        0.25501138
      ],
      [
        0.37727997,
        0.00213172,
        -0.89774696,
        0.22738884
      ]
    ],
    "r_arm_shoulder_roll_link": [
      "Right_UpperArm",
      0,
      10,
      [
        0.80259389,
        -0.18124778,
        0.26862253
      ],
      [
        0.10081737,
        -0.98130971,
        0.09179128,
        -0.13579939
      ]
    ],
    "r_arm_elbow_pitch_link": [
      "Right_Forearm",
      0,
      10,
      [
        0.71935357,
        -0.235308,
        0.22847115
      ],
      [
        0.16006774,
        0.9057228,
        -0.18558051,
        0.3458387
      ]
    ],
    "r_arm_elbow_yaw_link": [
      "Right_Hand",
      0,
      10,
      [
        0.63226486,
        -0.25160413,
        0.19633743
      ],
      [
        0.16006774,
        0.9057228,
        -0.18558051,
        0.3458387
      ]
    ]
  },
  "ik_match_table2": {
    "base_link": [
      "Pelvis",
      10,
      5,
      [
        0.84313002,
        -0.32221484,
        0.0
      ],
      [
        0.99160668,
        -0.00923301,
        -0.07020967,
        0.10817364
      ]
    ],
    "waist_roll_link": [
      "Chest",
      10,
      5,
      [
        0.86969328,
        -0.31927605,
        -0.00700636
      ],
      [
        0.99168474,
        -0.02306047,
        -0.06790556,
        0.10685708
      ]
    ],
    "l_leg_hip_pitch_link": [
      "Left_UpperLeg",
      10,
      5,
      [
        0.86661284,
        -0.29597823,
        0.01616623
      ],
      [
        0.11155619,
        0.98304846,
        -0.11625245,
        0.08750036
      ]
    ],
    "l_leg_knee_link": [
      "Left_LowerLeg",
      10,
      5,
      [
        0.93329514,
        -0.32412144,
        0.01164969
      ],
      [
        0.26464607,
        0.13442774,
        0.95399304,
        -0.04229576
      ]
    ],
    "l_leg_ankle_roll_link": [
      "Left_Foot",
      100,
      50,
      [
        0.99087332,
        -0.33228022,
        0.00575387
      ],
      [
        0.97994738,
        0.0252887,
        -0.15834929,
        -0.11827563
      ]
    ],
    "r_leg_hip_pitch_link": [
      "Right_UpperLeg",
      10,
      5,
      [
        0.87693842,
        -0.353883,
        0.01869774
      ],
      [
        0.08231005,
        -0.98458229,
        0.09769388,
        -0.11949346
      ]
    ],
    "r_leg_knee_link": [
      "Right_LowerLeg",
      10,
      5,
      [
        0.93876799,
        -0.34719402,
        0.01648548
      ],
      [
        0.02973168,
        0.96068767,
        -0.11264121,
        -0.25200633
      ]
    ],
    "r_leg_ankle_roll_link": [
      "Right_Foot",
      100,
      50,
      [
        1.00016036,
        -0.34751914,
        0.01046402
      ],
      [
        0.04448974,
        0.9446803,
        -0.26896164,
        -0.18237168
      ]
    ],
    "l_arm_shoulder_roll_link": [
      "Left_UpperArm",
      10,
      5,
      [
        0.71130908,
        -0.42076495,
        0.28392083
      ],
      [
        0.04861757,
        0.99205241,
        -0.10895002,
        0.03997807
      ]
    ],
    "l_arm_elbow_pitch_link": [
      "Left_Forearm",
      10,
      5,
      [
        0.64080737,
        -0.32221148,
        0.29813907
      ],
      [
        0.37727997,
        0.00213172,
        -0.89774696,
        0.22738884
      ]
    ],
    "l_arm_elbow_yaw_link": [
      "Left_Hand",
      10,
      5,
      [
        0.55264923,
        -0.28101848,
        0.25501138
      ],
      [
        0.37727997,
        0.00213172,
        -0.89774696,
        0.22738884
      ]
    ],
    "r_arm_shoulder_roll_link": [
      "Right_UpperArm",
      10,
      5,
      [
        0.80259389,
        -0.18124778,
        0.26862253
      ],
      [
        0.10081737,
        -0.98130971,
        0.09179128,
        -0.13579939
      ]
    ],
    "r_arm_elbow_pitch_link": [
      "Right_Forearm",
      10,
      5,
      [
        0.71935357,
        -0.235308,
        0.22847115
      ],
      [
        0.16006774,
        0.9057228,
        -0.18558051,
        0.3458387
      ]
    ],
    "r_arm_elbow_yaw_link": [
      "Right_Hand",
      10,
      5,
      [
        0.63226486,
        -0.25160413,
        0.19633743
      ],
      [
        0.16006774,
        0.9057228,
        -0.18558051,
        0.3458387
      ]
    ]
  },
  "collision_avoidance": {
    "enabled": false,
    "min_distance": 0.02,
    "detection_distance": 0.1,