{
  "robot_root_name": "base_link",
  "human_root_name": "pelvis",
  "ground_height": 0.0,
  "human_height_assumption": 1.8,
  "use_ik_match_table1": true,
  "use_ik_match_table2": true,
  "human_scale_table": {
    "pelvis": 0.9,
    "spine3": 0.9,
    "left_hip": 0.9,
    "right_hip": 0.9,
    "left_knee": 0.9,
    "right_knee": 0.9,
    "left_foot": 0.9,
    "right_foot": 0.9,
    "left_shoulder": 0.8,
    "right_shoulder": 0.8,
    "left_elbow": 0.8,
    "right_elbow": 0.8,
    "left_wrist": 0.8,
    "right_wrist": 0.8
  },
  "ik_match_table1": {
    "base_link": ["pelvis", 0, 10, [0.0, 0.0, 0.0], [0.50000000, -0.50000000, -0.50000000, -0.50000000]],
    "waist_roll_link": ["spine3", 0, 10, [0.0, 0.0, 0.0], [0.50034965, -0.49965010, -0.50034965, -0.49965010]],
    "l_leg_hip_pitch_link": ["left_hip", 0, 10, [0.0, 0.0, 0.0], [0.47438555, -0.52436471, -0.52436471, -0.47438555]],
    "l_leg_knee_link": ["left_knee", 0, 10, [0.0, 0.0, 0.0], [0.50000000, -0.50000000, -0.50000000, -0.50000000]],
    "l_leg_ankle_roll_link": ["left_foot", 100, 50, [0.0, 0.0, 0.0], [0.50000000, -0.50000000, -0.50000000, -0.50000000]],
    "r_leg_hip_pitch_link": ["right_hip", 0, 10, [0.0, 0.0, 0.0], [0.47438555, -0.52436471, -0.52436471, -0.47438555]],
    "r_leg_knee_link": ["right_knee", 0, 10, [0.0, 0.0, 0.0], [0.50000000, -0.50000000, -0.50000000, -0.50000000]],
    "r_leg_ankle_roll_link": ["right_foot", 100, 50, [0.0, 0.0, 0.0], [0.50000000, -0.50000000, -0.50000000, -0.50000000]],
    "l_arm_shoulder_roll_link": ["left_shoulder", 0, 10, [0.0, 0.0, 0.0], [0.70712173, 0.00090109, -0.70709050, 0.00103671]],
    "l_arm_elbow_pitch_link": ["left_elbow", 0, 10, [0.0, 0.0, 0.0], [0.99898779, 0.04498211, -0.00002313, 0.00009694]],
    "l_arm_elbow_yaw_link": ["left_wrist", 0, 10, [0.0, 0.0, 0.0], [0.99898779, 0.04498211, -0.00002313, 0.00009694]],
    "r_arm_shoulder_roll_link": ["right_shoulder", 0, 10, [0.0, 0.0, 0.0], [0.00004733, 0.70709125, 0.00008815, 0.70712230]],
    "r_arm_elbow_pitch_link": ["right_elbow", 0, 10, [0.0, 0.0, 0.0], [0.00009690, 0.00002327, -0.04358439, 0.99904974]],
    "r_arm_elbow_yaw_link": ["right_wrist", 0, 10, [0.0, 0.0, 0.0], [0.00009690, 0.00002327, -0.04358439, 0.99904974]]
  },
  "ik_match_table2": {
    "base_link": ["pelvis", 10, 5, [0.0, 0.0, 0.0], [0.50000000, -0.50000000, -0.50000000, -0.50000000]],
    "waist_roll_link": ["spine3", 10, 5, [0.0, 0.0, 0.0], [0.50034965, -0.49965010, -0.50034965, -0.49965010]],
    "l_leg_hip_pitch_link": ["left_hip", 10, 5, [0.0, 0.0, 0.0], [0.47438555, -0.52436471, -0.52436471, -0.47438555]],
    "l_leg_knee_link": ["left_knee", 10, 5, [0.0, 0.0, 0.0], [0.50000000, -0.50000000, -0.50000000, -0.50000000]],
    "l_leg_ankle_roll_link": ["left_foot", 100, 50, [0.0, 0.0, 0.0], [0.50000000, -0.50000000, -0.50000000, -0.50000000]],
    "r_leg_hip_pitch_link": ["right_hip", 10, 5, [0.0, 0.0, 0.0], [0.47438555, -0.52436471, -0.52436471, -0.47438555]],
    "r_leg_knee_link": ["right_knee", 10, 5, [0.0, 0.0, 0.0], [0.50000000, -0.50000000, -0.50000000, -0.50000000]],
    "r_leg_ankle_roll_link": ["right_foot", 100, 50, [0.0, 0.0, 0.0], [0.50000000, -0.50000000, -0.50000000, -0.50000000]],
    "l_arm_shoulder_roll_link": ["left_shoulder", 10, 5, [0.0, 0.0, 0.0], [0.70712173, 0.00090109, -0.70709050, 0.00103671]],
    "l_arm_elbow_pitch_link": ["left_elbow", 10, 5, [0.0, 0.0, 0.0], [0.99898779, 0.04498211, -0.00002313, 0.00009694]],
    "l_arm_elbow_yaw_link": ["left_wrist", 10, 5, [0.0, 0.0, 0.0], [0.99898779, 0.04498211, -0.00002313, 0.00009694]],
    "r_arm_shoulder_roll_link": ["right_shoulder", 10, 5, [0.0, 0.0, 0.0], [0.00004733, 0.70709125, 0.00008815, 0.70712230]],
    "r_arm_elbow_pitch_link": ["right_elbow", 10, 5, [0.0, 0.0, 0.0], [0.00009690, 0.00002327, -0.04358439, 0.99904974]],
    "r_arm_elbow_yaw_link": ["right_wrist", 10, 5, [0.0, 0.0, 0.0], [0.00009690, 0.00002327, -0.04358439, 0.99904974]]
  },
  "collision_avoidance": {
    "enabled": false,
    "min_distance": 0.02,
    "detection_distance": 0.1,
    "self_collision_pairs": []
  }
}
