{
  "robot_root_name": "base_link",
  "human_root_name": "pelvis",
  "ground_height": 0.0,
  "human_height_assumption": 1.8,
  "use_ik_match_table1": true,
  "use_ik_match_table2": true,
  "human_scale_table": {
    "pelvis": 1.156137228012085,
    "spine3": 1.156137228012085,
    "left_hip": 1.2648013830184937,
    "right_hip": 1.2648013830184937,
    "left_knee": 0.6753162741661072,
    "right_knee": 0.6753162741661072,
    "left_foot": 0.5559878945350647,
    "right_foot": 0.5559878945350647,
    "left_shoulder": 0.7255011200904846,
    "right_shoulder": 0.7255011200904846,
    "left_elbow": 0.6989795565605164,
    "right_elbow": 0.6989795565605164
  },
  "ik_match_table1": {
    "base_link": ["pelvis", 100, 10, [0.0, 0.0, 0.0], [-0.4999999890721524, 0.5000000109278474, 0.5000000109278474, 0.4999999890721524]],
    "l_leg_roll_link": ["left_hip", 0, 10, [0.028399764992233408, 0.034512429082152137, 0.08252610118535843], [-0.4999999890721524, 0.5000000109278474, 0.5000000109278474, 0.4999999890721524]],
    "l_knee_pitch_link": ["left_knee", 0, 10, [0.019782445248056394, 0.023164426912820505, 0.07929599313117565], [-0.4999999890721524, 0.5000000109278474, 0.5000000109278474, 0.4999999890721524]],
    "l_ankle_roll_link": ["left_foot", 100, 10, [-0.031068359239100125, 0.03690016291675403, 0.0700015558459768], [-0.4999999890721524, 0.5000000109278474, 0.5000000109278474, 0.4999999890721524]],
    "r_leg_roll_link": ["right_hip", 0, 10, [0.020333077715072537, -0.032499220453253715, 0.09491961250142825], [-0.4999999890721524, 0.5000000109278474, 0.5000000109278474, 0.4999999890721524]],
    "r_knee_pitch_link": ["right_knee", 0, 10, [0.020331450396366083, -0.03236703082009352, 0.0752965465860669], [-0.4999999890721524, 0.5000000109278474, 0.5000000109278474, 0.4999999890721524]],
    "r_ankle_roll_link": ["right_foot", 100, 10, [-0.03464911948043437, -0.03444006542768908, 0.07314894764459724], [-0.4999999890721524, 0.5000000109278474, 0.5000000109278474, 0.4999999890721524]],
    "waist_yaw_link": ["spine3", 0, 10, [0.011528604730301597, 0.00012674432446857511, -0.21132313153066212], [-0.4999999890721524, 0.5000000109278474, 0.5000000109278474, 0.4999999890721524]],
    "l_arm_yaw_link": ["left_shoulder", 0, 10, [0.02171963129998923, 0.022083098523318107, -0.09826037380308686], [0.7064337776272471, 0.030843440587866477, -0.7064337762790367, 0.03084347146706884]],
    "l_elbow_pitch_link": ["left_elbow", 0, 10, [0.06059519833398141, 0.09602428103525508, -0.005638530319252877], [0.7064337776272471, 0.030843440587866477, -0.7064337762790367, 0.03084347146706884]],
    "r_arm_yaw_link": ["right_shoulder", 0, 10, [0.022362833870410284, -0.022378322345344467, -0.10278362847213555], [0.03084347146706884, 0.7064337762790367, -0.030843440587866477, 0.7064337776272471]],
    "r_elbow_pitch_link": ["right_elbow", 0, 10, [0.05279406837043509, -0.07788667021073516, 0.003096987382917674], [0.03084347146706884, 0.7064337762790367, -0.030843440587866477, 0.7064337776272471]]
  },
  "ik_match_table2": {
    "base_link": ["pelvis", 1000, 5, [0.0, 0.0, 0.0], [-0.4999999890721524, 0.5000000109278474, 0.5000000109278474, 0.4999999890721524]],
    "l_leg_roll_link": ["left_hip", 20, 5, [0.028399764992233408, 0.034512429082152137, 0.08252610118535843], [-0.4999999890721524, 0.5000000109278474, 0.5000000109278474, 0.4999999890721524]],
    "l_knee_pitch_link": ["left_knee", 120, 5, [0.019782445248056394, 0.023164426912820505, 0.07929599313117565], [-0.4999999890721524, 0.5000000109278474, 0.5000000109278474, 0.4999999890721524]],
    "l_ankle_roll_link": ["left_foot", 120, 10, [-0.031068359239100125, 0.03690016291675403, 0.0700015558459768], [-0.4999999890721524, 0.5000000109278474, 0.5000000109278474, 0.4999999890721524]],
    "r_leg_roll_link": ["right_hip", 20, 5, [0.020333077715072537, -0.032499220453253715, 0.09491961250142825], [-0.4999999890721524, 0.5000000109278474, 0.5000000109278474, 0.4999999890721524]],
    "r_knee_pitch_link": ["right_knee", 120, 5, [0.020331450396366083, -0.03236703082009352, 0.0752965465860669], [-0.4999999890721524, 0.5000000109278474, 0.5000000109278474, 0.4999999890721524]],
    "r_ankle_roll_link": ["right_foot", 120, 10, [-0.03464911948043437, -0.03444006542768908, 0.07314894764459724], [-0.4999999890721524, 0.5000000109278474, 0.5000000109278474, 0.4999999890721524]],
    "waist_yaw_link": ["spine3", 0, 10, [0.011528604730301597, 0.00012674432446857511, -0.21132313153066212], [-0.4999999890721524, 0.5000000109278474, 0.5000000109278474, 0.4999999890721524]],
    "l_arm_yaw_link": ["left_shoulder", 10, 5, [0.02171963129998923, 0.022083098523318107, -0.09826037380308686], [0.7064337776272471, 0.030843440587866477, -0.7064337762790367, 0.03084347146706884]],
    "l_elbow_pitch_link": ["left_elbow", 10, 5, [0.06059519833398141, 0.09602428103525508, -0.005638530319252877], [0.7064337776272471, 0.030843440587866477, -0.7064337762790367, 0.03084347146706884]],
    "r_arm_yaw_link": ["right_shoulder", 10, 5, [0.022362833870410284, -0.022378322345344467, -0.10278362847213555], [0.03084347146706884, 0.7064337762790367, -0.030843440587866477, 0.7064337776272471]],
    "r_elbow_pitch_link": ["right_elbow", 10, 5, [0.05279406837043509, -0.07788667021073516, 0.003096987382917674], [0.03084347146706884, 0.7064337762790367, -0.030843440587866477, 0.7064337776272471]]
  }
}
