{
  "robot_root_name": "base_link",
  "human_root_name": "Pelvis",
  "ground_height": 0.0,
  "human_height_assumption": 1.8,
  "use_ik_match_table1": true,
  "use_ik_match_table2": true,
  "human_scale_table": {
    "Pelvis": 0.9,
    "Spine3": 0.9,
    "Left_Hip": 0.9,
    "Right_Hip": 0.9,
    "Left_Knee": 0.9,
    "Right_Knee": 0.9,
    "Left_Foot": 0.9,
    "Right_Foot": 0.9,
    "Left_Shoulder": 0.8,
    "Right_Shoulder": 0.8,
    "Left_Elbow": 0.8,
    "Right_Elbow": 0.8,
    "Left_Wrist": 0.8,
    "Right_Wrist": 0.8
  },
  "ik_match_table1": {
    "base_link": ["Pelvis", 0, 10, [0.0, 0.0, 0.0], [-0.5, 0.5, -0.5, -0.5]],
    "waist_roll_link": ["Spine3", 0, 10, [0.0, 0.0, 0.0], [-0.5, 0.5, -0.5, -0.5]],
    "l_leg_hip_pitch_link": ["Left_Hip", 0, 10, [0.0, 0.0, 0.0], [-0.56379311, 0.42677550, -0.42677550, -0.56379311]],
    "l_leg_knee_link": ["Left_Knee", 0, 10, [0.0, 0.0, 0.0], [-0.5, 0.5, -0.5, -0.5]],
    "l_leg_ankle_roll_link": ["Left_Foot", 100, 10, [0.0, 0.0, 0.0], [-0.5, 0.5, -0.5, -0.5]],
    "r_leg_hip_pitch_link": ["Right_Hip", 0, 10, [0.0, 0.0, 0.0], [-0.56379311, 0.42677550, -0.42677550, -0.56379311]],
    "r_leg_knee_link": ["Right_Knee", 0, 10, [0.0, 0.0, 0.0], [-0.5, 0.5, -0.5, -0.5]],
    "r_leg_ankle_roll_link": ["Right_Foot", 100, 10, [0.0, 0.0, 0.0], [-0.5, 0.5, -0.5, -0.5]],
    "l_arm_shoulder_roll_link": ["Left_Shoulder", 0, 10, [0.0, 0.0, 0.0], [0.70710678, 0.0, 0.70710678, 0.0]],
    "l_arm_elbow_pitch_link": ["Left_Elbow", 0, 10, [0.0, 0.0, 0.0], [0.70710678, 0.0, 0.70710678, 0.0]],
    "l_arm_elbow_yaw_link": ["Left_Wrist", 0, 10, [0.0, 0.0, 0.0], [0.70710678, 0.0, 0.70710678, 0.0]],
    "r_arm_shoulder_roll_link": ["Right_Shoulder", 0, 10, [0.0, 0.0, 0.0], [0.0, 0.70710678, 0.0, -0.70710678]],
    "r_arm_elbow_pitch_link": ["Right_Elbow", 0, 10, [0.0, 0.0, 0.0], [0.0, 0.70710678, 0.0, -0.70710678]],
    "r_arm_elbow_yaw_link": ["Right_Wrist", 0, 10, [0.0, 0.0, 0.0], [0.0, 0.70710678, 0.0, -0.70710678]]
  },
  "ik_match_table2": {
    "base_link": ["Pelvis", 10, 5, [0.0, 0.0, 0.0], [-0.5, 0.5, -0.5, -0.5]],
    "waist_roll_link": ["Spine3", 0, 10, [0.0, 0.0, 0.0], [-0.5, 0.5, -0.5, -0.5]],
    "l_leg_hip_pitch_link": ["Left_Hip", 10, 5, [0.0, 0.0, 0.0], [-0.56379311, 0.42677550, -0.42677550, -0.56379311]],
    "l_leg_knee_link": ["Left_Knee", 10, 5, [0.0, 0.0, 0.0], [-0.5, 0.5, -0.5, -0.5]],
    "l_leg_ankle_roll_link": ["Left_Foot", 100, 10, [0.0, 0.0, 0.0], [-0.5, 0.5, -0.5, -0.5]],
    "r_leg_hip_pitch_link": ["Right_Hip", 10, 5, [0.0, 0.0, 0.0], [-0.56379311, 0.42677550, -0.42677550, -0.56379311]],
    "r_leg_knee_link": ["Right_Knee", 10, 5, [0.0, 0.0, 0.0], [-0.5, 0.5, -0.5, -0.5]],
    "r_leg_ankle_roll_link": ["Right_Foot", 100, 10, [0.0, 0.0, 0.0], [-0.5, 0.5, -0.5, -0.5]],
    "l_arm_shoulder_roll_link": ["Left_Shoulder", 0, 10, [0.0, 0.0, 0.0], [0.70710678, 0.0, 0.70710678, 0.0]],
    "l_arm_elbow_pitch_link": ["Left_Elbow", 0, 10, [0.0, 0.0, 0.0], [0.70710678, 0.0, 0.70710678, 0.0]],
    "l_arm_elbow_yaw_link": ["Left_Wrist", 0, 10, [0.0, 0.0, 0.0], [0.70710678, 0.0, 0.70710678, 0.0]],
    "r_arm_shoulder_roll_link": ["Right_Shoulder", 0, 10, [0.0, 0.0, 0.0], [0.0, 0.70710678, 0.0, -0.70710678]],
    "r_arm_elbow_pitch_link": ["Right_Elbow", 0, 10, [0.0, 0.0, 0.0], [0.0, 0.70710678, 0.0, -0.70710678]],
    "r_arm_elbow_yaw_link": ["Right_Wrist", 0, 10, [0.0, 0.0, 0.0], [0.0, 0.70710678, 0.0, -0.70710678]]
  }
}
